{"cameraMode":{"drawMode":0,"name":"Shaded","section":"Shading Mode"},"sceneLighting":false,"audioPlay":false,"sceneViewState":{"showFog":false,"showMaterialUpdate":false,"showSkybox":false,"showFlares":false,"showImageEffects":false,"showParticleSystems":true},"in2DMode":false,"pivot":{"x":0.029999732971191407,"y":0.024124622344970704,"z":-0.40543222427368166},"rotation":{"x":-0.7472374439239502,"y":-0.07264763861894608,"z":0.08283637464046478,"w":-0.6553600430488586},"size":63.99141311645508,"orthographic":false}